機能,result
内部クロスリーク抑制,"{
  ""assumptions"": {
    ""運転温度"": ""80℃"",
    ""相対湿度_Anode"": ""100%RH"",
    ""相対湿度_Cathode"": ""100%RH"",
    ""動作圧力"": ""150 kPa-abs"",
    ""設定電流密度"": ""1.0 A/cm²"",
    ""その他"": ""膜厚 25μmから12μmへの薄膜化を想定""
  },
  ""physical_changes"": [
    {
      ""物理量"": ""水素透過フラックス"",
      ""変化の内容"": ""約108% 増加（2.08倍）"",
      ""支配方程式"": ""フィックの第一法則（J = -D・dc/dx）より膜厚に反比例""
    },
    {
      ""物理量"": ""クロスオーバー電流"",
      ""変化の内容"": ""約108% 増加"",
      ""支配方程式"": ""i_loss = nFJ に基づき透過フラックスに比例""
    },
    {
      ""物理量"": ""膜内引張応力"",
      ""変化の内容"": ""約2倍以上に増大"",
      ""支配方程式"": ""フックの法則（σ = E・ε）および受圧面積の減少""
    },
    {
      ""物理量"": ""膜の破断耐性"",
      ""変化の内容"": ""約50%以上低下"",
      ""支配方程式"": ""耐荷重能が断面積（膜厚）に比例するため""
    }
  ],
  ""impact_prediction"": {
    ""最終予測値の変化"": ""OCV 約15mV 低下 / 破損リスク大幅増"",
    ""総合判定"": ""改悪（クロスリーク抑制機能の喪失リスク大）""
  }
}"
