物性,機能,combined,result
膜厚,内部クロスリーク抑制,"1. 物性: 膜厚
2. 機能: 内部クロスリーク抑制","{
  ""concerns"": [
    {
      ""concern_content"": ""膜の局所的な薄膜化"",
      ""location"": ""1. セル内部・微細構造層 ＞ 電解質膜（高分子骨格）"",
      ""mechanism"": ""起動停止やガス偏在による機械的・化学的ストレス（膨張収縮、ラジカル分解、ピンホール生成）により、高分子鎖の切断や欠損が進行し、局所的に膜厚が低下。物質拡散バリアが弱まる。"",
      ""affected_parameters"": ""電解質膜厚さ：減少"",
      ""affected_function"": ""内部クロスリーク抑制機能低下（反応ガスの直通拡散・セルデグラデーション）""
    },
    {
      ""concern_content"": ""ピンホール（貫通孔）の発生"",
      ""location"": ""1. セル内部・微細構造層 ＞ 電解質膜（高分子骨格）"",
      ""mechanism"": ""局部的なストレス集中（例えば異物混入や極度の乾燥状態での機械的応力）で高分子骨格が物理的に破断し、微小な貫通孔（ピンホール）が生じる。これにより膜のガスバリア性が局所的に消失。"",
      ""affected_parameters"": ""ピンホール数・サイズ：増加"",
      ""affected_function"": ""内部クロスリーク抑制機能の喪失（セル電圧の急減、セル短絡リスク増大）""
    },
    {
      ""concern_content"": ""高分子含水率の局所減少に伴うクラック"",
      ""location"": ""1. セル内部・微細構造層 ＞ 電解質膜（含水領域）"",
      ""mechanism"": ""高温乾燥サイクルやガス交換速度の不均一により、膜内の含水領域での脱水が進行。これに伴う体積収縮応力で物理的なクラックが発生。結果として膜厚の実効値が低下。"",
      ""affected_parameters"": ""クラック密度・幅：増加，含水率：減少"",
      ""affected_function"": ""内部クロスリーク抑制機能の部分的喪失・ガスの直通路形成""
    }
  ]
}"
膜厚,オーム損（膜抵抗）低減,"1. 物性: 膜厚
2. 機能: オーム損（膜抵抗）低減","{
  ""concerns"": [
    {
      ""concern_content"": ""膜の局所的な薄膜化"",
      ""location"": ""1. セル内部・微細構造層 ＞ 電解質膜（高分子骨格）"",
      ""mechanism"": ""高温多湿環境下や起動停止時の機械的ストレス（圧縮荷重・膨張収縮）およびラジカル種による高分子骨格の分解・劣化が進行し、局所的に膜厚が減少（薄膜化・欠損）する。薄膜化部位は機械強度低下やイオン輸送経路の損失が発生しやすい。分子鎖の切断による体積収縮や連続性消失。"",
      ""affected_parameters"": ""膜厚減少／薄膜化箇所の面積増大（μm、mm^2単位で設計値下方逸脱）"",
      ""affected_function"": ""膜抵抗の局所的増大／オーム損増""
    },
    {
      ""concern_content"": ""膜ピンホール・貫通孔形成"",
      ""location"": ""1. セル内部・微細構造層 ＞ 電解質膜（高分子骨格）"",
      ""mechanism"": ""膜厚が限界まで低下し、ガス透過や局所熱応力によって分子連続性が消失。ピンホールや貫通孔が形成されることで、イオン選択性低下・短絡路生成に直結する。電解質の部分的消失や物理的連続性の破壊が起因。"",
      ""affected_parameters"": ""ピンホール・欠陥個数増加／有効導電パスの短絡度増加（気体クロスリーク量、SEM観察などで定量可）"",
      ""affected_function"": ""オーム損増大およびセル電圧の急減／ガス短絡による機能喪失""
    }
  ]
}"
EW値,オーム損（膜抵抗）低減,"1. 物性: EW値
2. 機能: オーム損（膜抵抗）低減","{
  ""concerns"": [
    {
      ""concern_content"": ""含水領域の収縮・細孔径減少・閉塞"",
      ""location"": ""1. セル内部・微細構造層 ＞ 電解質膜（含水領域）"",
      ""mechanism"": ""EW値が低下すると高分子中の親水基密度が下がり、水分保持能が低下する。これにより吸水時の膨潤度が減少し、細孔構造の自由体積が小さくなり、水の透過経路が狭小化・閉塞することでプロトン移動の障害となる。"",
      ""affected_parameters"": ""含水率・イオン伝導度（低下）"",
      ""affected_function"": ""オーム損（膜抵抗）低減機能の劣化""
    },
    {
      ""concern_content"": ""官能基（スルホン酸基）の脱離・分解"",
      ""location"": ""1. セル内部・微細構造層 ＞ 電解質膜（高分子骨格）"",
      ""mechanism"": ""EW値が下がりすぎる、または局所の化学的ストレス（高温・酸化雰囲気、ラジカル種発生、乾燥繰返し）によって高分子鎖から官能基が脱離・分解され、陽イオン交換点が減少し水和数も減る。"",
      ""affected_parameters"": ""イオン交換容量（低下）、含水率（低下）、膜厚（減少）"",
      ""affected_function"": ""オーム損（膜抵抗）低減機能の長期安定性低下""
    },
    {
      ""concern_content"": ""高分子鎖の架橋・硬化"",
      ""location"": ""1. セル内部・微細構造層 ＞ 電解質膜（高分子骨格）"",
      ""mechanism"": ""EW値設計が不均一または熱・化学的ストレス下でラジカル反応が起こり、分子鎖間の架橋が進行。これにより柔軟性や吸水性が低下し、イオン移動経路が硬化・狭小化する。"",
      ""affected_parameters"": ""プロトン伝導度（低下）、体積膨潤率（低下）"",
      ""affected_function"": ""オーム損（膜抵抗）低減機能の劣化""
    },
    {
      ""concern_content"": ""膜厚むら・局所薄膜化"",
      ""location"": ""1. セル内部・微細構造層 ＞ 電解質膜（高分子骨格）"",
      ""mechanism"": ""EW値の設計むらや加水分解・分解により一部が顕著に薄膜化し、局所的な抵抗・絶縁特性がばらつく。これが大電流時のホットスポット発生の一因となる。"",
      ""affected_parameters"": ""面内比抵抗の均一性（悪化）、最薄部厚み（減少）"",
      ""affected_function"": ""オーム損（膜抵抗）低減機能のばらつき増大""
    }
  ]
}"
分子構造・分子量,膜の化学的劣化抑制,"1. 物性: 分子構造・分子量
2. 機能: 膜の化学的劣化抑制","{
  ""concerns"": [
    {
      ""concern_content"": ""分子鎖の切断（分子量減少）"",
      ""location"": ""1. セル内部・微細構造層 ＞ 電解質膜（高分子骨格）"",
      ""mechanism"": ""電解質膜が強酸性・高温かつラジカル種（水酸化ラジカルや過酸化水素）存在下で分子鎖切断反応を受け、主鎖あるいは側鎖の分断が進行する。分子量の低下により連続した高分子ネットワークが失われやすくなる。"",
      ""affected_parameters"": ""分子量の減少、耐酸化寿命の低下、引張強度の低下、膨潤度の上昇（膨潤率の増大）"",
      ""affected_function"": ""膜の化学的耐久性・ガスバリア性・機械的健全性""
    },
    {
      ""concern_content"": ""高分子骨格のクロスリンク構造消失"",
      ""location"": ""1. セル内部・微細構造層 ＞ 電解質膜（高分子骨格）"",
      ""mechanism"": ""分岐点やクロスリンク構造が酸化分解・加水分解などの化学プロセスを経て消失し、ネットワーク強度と結合密度が大きく低下するため、膜の寸法安定性や機械的強度が損なわれる。"",
      ""affected_parameters"": ""クロスリンク密度の低下、ヤング率の低下、耐クリープ性の低下"",
      ""affected_function"": ""膜の寸法安定性維持・機械的強度""
    },
    {
      ""concern_content"": ""官能基の脱離・損耗（イオン交換基の消失）"",
      ""location"": ""1. セル内部・微細構造層 ＞ 電解質膜（高分子骨格）"",
      ""mechanism"": ""強酸性環境下でスルホン酸基（－SO3H）やその他のイオン交換基が加水分解・酸化分解され、骨格から脱離することによりイオン伝導パスが消失しプロトン導電率が顕著に低下する。"",
      ""affected_parameters"": ""官能基数密度の減少、プロトン伝導率の低下、IEC（イオン交換容量）の低下"",
      ""affected_function"": ""膜のプロトン伝導性・膜抵抗の悪化""
    }
  ]
}"
分子構造・分子量,耐振動・耐衝撃性,"1. 物性: 分子構造・分子量
2. 機能: 耐振動・耐衝撃性","{
  ""concerns"": [
    {
      ""concern_content"": ""分子鎖切断"",
      ""location"": ""1. セル内部・微細構造層 ＞ 電解質膜（高分子骨格）"",
      ""mechanism"": ""高分子電解質膜が機械的振動・衝撃反復下で応力集中点に局所的な分子鎖配向・伸長が生じ、繰り返し応力によって分子鎖切断（分子量劣化）が発生する。これによりネットワーク構造が不完全となる。"",
      ""affected_parameters"": ""分子量の低下、平均鎖長の減少、テンシル強度の低下"",
      ""affected_function"": ""セル内発電部位の機械的強度・寸法安定性低下により、積層体の密閉性や耐振動性の損失""
    },
    {
      ""concern_content"": ""結晶―非晶界面でのマイクロクラック"",
      ""location"": ""1. セル内部・微細構造層 ＞ 電解質膜（高分子骨格）"",
      ""mechanism"": ""分子量低下や構造劣化により電解質高分子の結晶性が局所的に損なわれ、繰り返し振動によって結晶域と非晶域の界面に応力集中。界面剥離や微細クラックが集積する。"",
      ""affected_parameters"": ""クラック密度・分布、伸び率の低下"",
      ""affected_function"": ""ガス・水素クロスリーク、耐衝撃性の低下""
    },
    {
      ""concern_content"": ""カーボン担体表面の微細孔崩壊"",
      ""location"": ""1. セル内部・微細構造層 ＞ 触媒層（カーボン担体）"",
      ""mechanism"": ""触媒層のカーボン担体は分子量の低下や結合劣化により多孔構造が脆弱化し、振動加重下で微細孔がつぶれやすくなる。"",
      ""affected_parameters"": ""比表面積の低下、細孔径の変化、空隙率の減少"",
      ""affected_function"": ""ガス拡散・比表面積維持機能低下による触媒性能劣化""
    },
    {
      ""concern_content"": ""MEAM界面でのデラミネーション"",
      ""location"": ""2. 部材間界面 ＞ 電解質膜 / 触媒層 界面"",
      ""mechanism"": ""分子構造の均一性低下や分子量劣化に起因し、膜－触媒界面親和性・密着性が低下。外的な振動・衝撃で界面剥離（デラミネーション）が進展する。"",
      ""affected_parameters"": ""界面付着強度の低下、剥離面積の増大"",
      ""affected_function"": ""電気化学反応領域の短絡・ガスリーク発生、セル抵抗増大、耐衝撃性の喪失""
    }
  ]
}"
プロトン移動特性,オーム損（膜抵抗）低減,"1. 物性: プロトン移動特性
2. 機能: オーム損（膜抵抗）低減","{
  ""concerns"": [
    {
      ""concern_content"": ""高分子骨格の架橋密度低下によるプロトン伝導経路の寸断（断絶）"",
      ""location"": ""1. セル内部・微細構造層 ＞ 電解質膜（高分子骨格）"",
      ""mechanism"": ""高温・高湿環境や化学的劣化（ラジカル発生、加水分解など）により高分子鎖間架橋や側鎖切断が発生し、連続したプロトン伝導経路が部分的に喪失される。これにより、局所的にプロトン伝導性が著しく低下、オーム抵抗が増加する。"",
      ""affected_parameters"": ""膜内抵抗値（Ω・cm²）が増大"",
      ""affected_function"": ""オーム損低減機能（低抵抗維持）""
    },
    {
      ""concern_content"": ""含水領域の脱水によるプロトン伝導経路の細化・断裂"",
      ""location"": ""1. セル内部・微細構造層 ＞ 電解質膜（含水領域）"",
      ""mechanism"": ""低加湿、起動・停止サイクル、局所乾燥等により膜内部の含水率が低下し、水和クラスタが破壊され、Grotthuss型プロトン伝導経路が寸断される。これにより、プロトン伝導度が著しく低下し、膜抵抗が増大する。"",
      ""affected_parameters"": ""膜含水率が低下・プロトン伝導度（S/cm）が低下・膜抵抗値が増大"",
      ""affected_function"": ""オーム損低減機能""
    },
    {
      ""concern_content"": ""アイオノマーネットワークの物理的収縮・膨潤による伝導経路寸断・膨潤不均一性"",
      ""location"": ""1. セル内部・微細構造層 ＞ 触媒層（アイオノマーネットワーク）"",
      ""mechanism"": ""高湿・乾湿サイクルによる膨潤収縮ストレスでアイオノマー構造が局所的に破断・脱離し、触媒層内のプロトン移動経路が寸断される。部分的に接触抵抗が増大、またはアイオノマー薄膜化・断裂が起こる。"",
      ""affected_parameters"": ""触媒層内プロトン伝導抵抗値が増大・局所アイオノマー分布異常"",
      ""affected_function"": ""オーム損低減機能""
    }
  ]
}"
ガス透過性,内部クロスリーク抑制,"1. 物性: ガス透過性
2. 機能: 内部クロスリーク抑制","{
  ""concerns"": [
    {
      ""concern_content"": ""高分子骨格の微細孔・疎水性領域におけるガス透過路の形成・拡大（ガス透過経路の形成）"",
      ""location"": ""1. セル内部・微細構造層 ＞ 電解質膜（高分子骨格）"",
      ""mechanism"": ""高温・高湿・電位勾配下で、電解質高分子鎖の鎖切断や架橋解重合が進行し、分子密度の局所的な低下や自由体積の拡大が起こる。これによりガス種（H2, O2）の分子運動が促進され、非意図的なガス透過経路が発生する。特にクラックやナノボイド形成により急激なガスリークが発生する。"",
      ""affected_parameters"": ""ガス透過度・漏洩流量：増大"",
      ""affected_function"": ""内部クロスリーク抑制不全""
    },
    {
      ""concern_content"": ""電解質膜/触媒層界面部での層間剥離・隙間の生成"",
      ""location"": ""2. 部材間界面 ＞ 電解質膜 / 触媒層 界面"",
      ""mechanism"": ""起動停止時の膨張収縮サイクル・水分蒸発の繰返しで、異種材料間の界面応力が蓄積され、層間密着力が低下することで微小な剥離や隙間が形成し局所的にバリア機能が低下、ガス分子が界面リークする経路となる。"",
      ""affected_parameters"": ""界面隙間寸法・剥離面積：増大"",
      ""affected_function"": ""内部クロスリーク抑制不全""
    },
    {
      ""concern_content"": ""炭素繊維基材内のピンホール・亀裂形成によるガスバイパス路の出現"",
      ""location"": ""1. セル内部・微細構造層 ＞ ガス拡散層（炭素繊維基材）"",
      ""mechanism"": ""サイクル繰返しや加圧による機械的応力集中、加湿制御不良による膨潤収縮ストレス、または腐食性雰囲気により炭素繊維間の結合が劣化し、ピンホールやミクロクラックが形成することでガスが急速に拡散層をバイパスする経路が生じる。"",
      ""affected_parameters"": ""ガスバリア性（気密度）：低下"",
      ""affected_function"": ""内部クロスリーク抑制不全""
    }
  ]
}"
補強材の有無/種類,耐振動・耐衝撃性,"1. 物性: 補強材の有無/種類
2. 機能: 耐振動・耐衝撃性","{
  ""concerns"": [
    {
      ""concern_content"": ""割れ（クラック）発生"",
      ""location"": ""1. セル内部・微細構造層 ＞ 電解質膜（高分子骨格）"",
      ""mechanism"": ""補強材が適切に配置されていない場合や補強材自体が脆弱な場合、起動/停止や運転中の振動・外部衝撃による繰返し応力が電解質膜の分子鎖配列に局所的な応力集中を招き、膜断面や端部に亀裂が発生。補強材が無い、もしくは種別・配置が不十分である場合、膜の塑性変形許容量が低下し、機械的な歪みを吸収しきれず不可逆的なクラックとして顕在化する。"",
      ""affected_parameters"": ""破断強度の低下、膜伸び率の減少、ヤング率の変化"",
      ""affected_function"": ""耐振動・耐衝撃機能低下によるセル寿命短縮""
    },
    {
      ""concern_content"": ""層間剥離（デラミネーション）"",
      ""location"": ""2. 部材間界面 ＞ 電解質膜 / 触媒層 界面"",
      ""mechanism"": ""振動や衝撃の繰返し荷重により、補強材による剛性の違いが電解質膜と触媒層の界面に剪断応力を発生させ、樹脂−補強材界面もしくは膜−触媒層界面で層間剥離が生じる。特に補強材の種類・界面設計が不適切な場合、界面の付着強度が劣化しやすい。"",
      ""affected_parameters"": ""界面付着強度の低下、界面抵抗の増加"",
      ""affected_function"": ""外力時の積層体構造健全性の悪化、ガスリーク進展""
    },
    {
      ""concern_content"": ""細孔構造の破壊（微細内部剥離や孔径拡大）"",
      ""location"": ""1. セル内部・微細構造層 ＞ ガス拡散層（炭素繊維基材）"",
      ""mechanism"": ""補強材の種類によって繊維間の機械的結合力や硬さが変化し、振動や衝撃荷重が局所的に集中することで基材内部の細孔構造が圧壊または繊維束の間で微細な剥離が進む。これによりガス拡散層の流路径や空隙率が不可逆的に変化する。"",
      ""affected_parameters"": ""空隙率の減少、孔径分布の偏り、厚みムラの増大"",
      ""affected_function"": ""ガス輸送経路の閉塞・ばらつきによる発電の安定性低下""
    }
  ]
}"
補強材の有無/種類,膜の膨潤圧制御,"1. 物性: 補強材の有無/種類
2. 機能: 膜の膨潤圧制御","{
  ""concerns"": [
    {
      ""concern_content"": ""塑性変形・不均一膨潤（塑性的な寸法変化）"",
      ""location"": ""1. セル内部・微細構造層 ＞ 電解質膜（高分子骨格）"",
      ""mechanism"": ""膜への補強材が不十分、もしくは補強形状に偏りがある場合、膜内部に水分が浸透した際に、膨潤挙動が補強の有無・分布によって局所的に抑制／非抑制される。その結果、補強不在部では高分子鎖の可動範囲が増大し、局所的な塑性変形や応力が集中する。高分子鎖に沿った膨潤が進行し、不均一な応力分布が生じる。"",
      ""affected_parameters"": ""膨潤圧（増加・局所最大化）、寸法変化量（増加）"",
      ""affected_function"": ""膜の寸法安定性、スタック内押し圧バランス""
    },
    {
      ""concern_content"": ""界面剥離・クラック発生（補強材界面）"",
      ""location"": ""2. 部材間界面 ＞ 電解質膜 / 触媒層 界面"",
      ""mechanism"": ""補強材が高分子骨格内に存在し、その補強材と周辺ポリマー材料間の密着・相溶性が不十分な場合、湿潤時の反復膨潤・収縮ストレスが界面に集中する。分子レベルでの応力伝達不良により、界面に微小なクラックや剥離が発生する。"",
      ""affected_parameters"": ""界面密着強度（低下）、クラック長さ/個数（増加）"",
      ""affected_function"": ""ガスバリア性・リーク抑制能力""
    },
    {
      ""concern_content"": ""細孔閉塞・流体輸送不均一"",
      ""location"": ""1. セル内部・微細構造層 ＞ 電解質膜（含水領域）"",
      ""mechanism"": ""補強材の種類・分布による親水性・親水パスの非均一化により、一部領域で流体（水やガス）の動的経路が阻害され、局所的な細孔の閉塞や含水異常を誘発する。イオン伝導経路の偏りやガス透過の不均一性が顕著になる。"",
      ""affected_parameters"": ""含水率分布（局所過飽和/乾燥）、細孔径分布（閉塞化）"",
      ""affected_function"": ""イオン伝導均一性、ガス透過安定性""
    }
  ]
}"
白金(Pt)担持量,触媒反応活性の維持,"1. 物性: 白金(Pt)担持量
2. 機能: 触媒反応活性の維持","{
  ""concerns"": [
    {
      ""concern_content"": ""白金粒子の溶出・移動による表面積の減少（粗大化・凝集）"",
      ""location"": ""1. セル内部・微細構造層 ＞ 触媒層・白金粒子表面"",
      ""mechanism"": ""高温多湿・強酸性雰囲気および電位サイクル（昇降負荷運転）下で、白金が酸化・還元を繰り返すことで溶出し、粒子間で再析出または集積（Ostwald ripening、粒子成長）が進む。これにより、白金のナノ粒子が凝集・粗大化し、比表面積が低下する。"",
      ""affected_parameters"": ""白金比表面積の減少、粒径分布の増大"",
      ""affected_function"": ""O2還元反応活性の低下（発電性能低下）""
    },
    {
      ""concern_content"": ""白金の担体からの脱落・流出"",
      ""location"": ""1. セル内部・微細構造層 ＞ 触媒層・カーボン担体"",
      ""mechanism"": ""セルの長期運転中、カーボン担体の腐食や液相移動を伴う洗い流しが生じると、白金粒子が担体から脱離・逸脱する現象が起こる。これにより触媒層内の活性点が減少。"",
      ""affected_parameters"": ""触媒層中の白金担持量の減少（ppm単位、面積あたりmgPt/cm2の低下）"",
      ""affected_function"": ""触媒反応サイト総数の減少（初期活性の大幅低下）""
    },
    {
      ""concern_content"": ""白金粒子の表面被毒・被覆（酸不純物や硫黄系ガス吸着）"",
      ""location"": ""1. セル内部・微細構造層 ＞ 触媒層・白金粒子表面"",
      ""mechanism"": ""反応ガス中に極微量含まれる硫黄化合物やアニオン性不純物が白金表面に選択吸着し、化学吸着による被覆状態を形成。触媒表面の有効活性面積が不可逆的に減少。"",
      ""affected_parameters"": ""Ptの有効表面積（ECSA）が低下"",
      ""affected_function"": ""酸素還元反応（ORR）活性の低下""
    },
    {
      ""concern_content"": ""白金の析出物によるイオノマークロギング・細孔閉塞"",
      ""location"": ""1. セル内部・微細構造層 ＞ 触媒層・アイオノマーネットワーク"",
      ""mechanism"": ""溶け出した白金がイオノマー中に再析出し、イオノマー細孔部や界面で沈着。ガス拡散やプロトン伝導の経路を物理的に閉塞し局所反応活性を阻害する。"",
      ""affected_parameters"": ""細孔径分布の減少、有効伝導経路長の増加"",
      ""affected_function"": ""O2供給・プロトン輸送の局所障害（発電性能局所低下）""
    }
  ]
}"
I/C比,フラッディング耐性,"1. 物性: I/C比
2. 機能: フラッディング耐性","{
  ""concerns"": [
    {
      ""concern_content"": ""細孔閉塞（pore blocking）"",
      ""location"": ""1. セル内部・微細構造層 ＞ ガス拡散層・細孔内部"",
      ""mechanism"": ""I/C比が高くなると、アイオノマーがガス拡散層（GDL）や触媒層の細孔内に過剰堆積し、細孔径が減少あるいは閉塞される。これにより、疎水性維持が困難となり、水生成時に水が排出されず細孔内に閉じ込められやすくなる。さらに、毛細管力の分布が変化し水移動性が悪化。結果として生成水が排水されずに滞留しやすい物理的環境を形成する。"",
      ""affected_parameters"": ""細孔率・細孔径（減少）、疎水性（低下）"",
      ""affected_function"": ""フラッディング耐性（生成水の排出機能）""
    },
    {
      ""concern_content"": ""親水化（hydrophilization）"",
      ""location"": ""1. セル内部・微細構造層 ＞ 触媒層・アイオノマーネットワーク"",
      ""mechanism"": ""I/C比が高いことで触媒層中のナフィオン等アイオノマー量が増大し、触媒層表面の親水性が顕著となる。この結果、表面自由エネルギーが増加し、生成水の濡れ広がりを助長。水が広範囲に薄膜状に広がり、ガス輸送経路を塞ぎやすくなる。"",
      ""affected_parameters"": ""表面エネルギー（増加）、表面接触角（減少）"",
      ""affected_function"": ""フラッディング耐性（気体拡散経路の維持能力）""
    },
    {
      ""concern_content"": ""水膜ブロッキング（liquid film blocking）"",
      ""location"": ""2. 部材間界面 ＞ 触媒層 / GDL 界面"",
      ""mechanism"": ""I/C比が実装条件より高い場合、触媒層とGDLの界面においてアイオノマーが過剰になり、親水性の薄膜が広がりやすくなる結果、液体水が界面で広がりやすくなる。これによりガス通過経路が膜状の水で塞がれ、部分的にフラッディングが発生する。"",
      ""affected_parameters"": ""界面の水膜厚み（増大）、接触抵抗（増加）"",
      ""affected_function"": ""フラッディング耐性（界面でのガス透過性）""
    }
  ]
}"
層厚み,酸素輸送抵抗の低減,"1. 物性: 層厚み
2. 機能: 酸素輸送抵抗の低減","{
  ""concerns"": [
    {
      ""concern_content"": ""層構造の過剰な圧縮・塑性変形"",
      ""location"": ""1. セル内部・微細構造層 ＞ ガス拡散層・炭素繊維基材"",
      ""mechanism"": ""MEA組立や作動時の締結圧・セル圧による応力集中で、GDLや撥水層に塑性変形ないしせん断変形が生じ、設計層厚が減少。細孔構造がつぶれ、ガス拡散経路が減少/長大化する。"",
      ""affected_parameters"": ""GDL層厚みの減少、細孔径分布の変化、空隙率減少"",
      ""affected_function"": ""酸素の生存経路減少による拡散抵抗上昇""
    },
    {
      ""concern_content"": ""加湿過多や生成水滞留による細孔内の閉塞"",
      ""location"": ""1. セル内部・微細構造層 ＞ ガス拡散層・細孔内部"",
      ""mechanism"": ""多湿運転や生成水管理不良時、GDLやMPLの細孔空間に液相水が過剰に滞留し、酸素ガス経路が局部的に遮断・細る。細孔の閉塞により実質的な有効層厚が減少する。"",
      ""affected_parameters"": ""有効な細孔面積・有効層厚の減少"",
      ""affected_function"": ""酸素拡散経路の狭窄化による酸素輸送抵抗増大""
    },
    {
      ""concern_content"": ""ガス流路下のGDL層厚バラツキ・部分的減肉"",
      ""location"": ""2. 部材間界面 ＞ GDL / セパレータ 界面・流路下領域"",
      ""mechanism"": ""加圧や長期運転、着座不良・振動により、GDL層厚がセル面内で不均一となり、特にリブ領域で層厚の減少（減肉）が起きる。部分的にガス流動分布が偏ることで、酸素輸送経路のバラツキが顕在化。"",
      ""affected_parameters"": ""面内GDL層厚均一性の悪化・最小層厚減少"",
      ""affected_function"": ""酸素供給の局部阻害（酸素濃度分布ムラ）による局所拡散抵抗の上昇""
    }
  ]
}"
細孔容積・構造,酸素輸送抵抗の低減,"1. 物性: 細孔容積・構造
2. 機能: 酸素輸送抵抗の低減","{
  ""concerns"": [
    {
      ""concern_content"": ""細孔閉塞（細孔容積の減少・径の縮小）"",
      ""location"": ""1. セル内部・微細構造層 ＞ ガス拡散層・細孔内部"",
      ""mechanism"": ""長期運転時の生成水・湿気、または有機・無機物質の析出により、ガス拡散層（GDL）細孔内に生成物が堆積・詰まり、細孔径や容積が物理的に減少する。分子スケールでは水分子や析出粒子が細孔構造を埋めることで、ガスの輸送経路が遮断・狭窄される。"",
      ""affected_parameters"": ""細孔容積・細孔径の減少、ガス拡散係数の低下"",
      ""affected_function"": ""酸素透過性低下による酸素輸送抵抗の増大""
    },
    {
      ""concern_content"": ""細孔構造改変（細孔の連続性・分布の異常）"",
      ""location"": ""1. セル内部・微細構造層 ＞ ガス拡散層・炭素繊維基材"",
      ""mechanism"": ""起動停止などの熱サイクルや加湿・乾燥環境の繰り返しにより、GDL炭素繊維同士の接合部に微細な移動・塑性変形・繊維自体の破断が発生し、細孔ネットワークの連続性が崩れ、連通細孔が途切れやすくなる。これにより酸素分子の拡散経路が複雑化・長大化する。"",
      ""affected_parameters"": ""細孔ネットワークの連続性低下、トータル輸送経路長の増加"",
      ""affected_function"": ""酸素輸送抵抗の増大""
    },
    {
      ""concern_content"": ""撥水層の親水化（細孔内壁の表面エネルギー変化）"",
      ""location"": ""1. セル内部・微細構造層 ＞ ガス拡散層・撥水層/MPL"",
      ""mechanism"": ""高電位動作やラジカル発生により、撥水層（PTFEなど）が酸化劣化し、撥水性基（-CF2-など）が脱離、親水性官能基（-COOH等）が導入され、細孔内壁が親水化する。これにより液水が保持・滞留しやすくなり、細孔内のガス経路が水で塞がれやすくなる。"",
      ""affected_parameters"": ""接触角の低下、細孔内液水分率の増加"",
      ""affected_function"": ""酸素輸送の実効断面積減少→輸送抵抗増大""
    }
  ]
}"
細孔容積・構造,フラッディング耐性,"1. 物性: 細孔容積・構造
2. 機能: フラッディング耐性","{
  ""concerns"": [
    {
      ""concern_content"": ""細孔閉塞（ポア閉塞）：細孔内部に液相水が滞留または析出し、本来のガス拡散経路が物理的に狭窄/遮断される状態"",
      ""location"": ""1. セル内部・微細構造層 ＞ ガス拡散層・細孔内部"",
      ""mechanism"": ""運転中の高湿度負荷時に、細孔サイズ分布が微細化（親水化や加圧応力による微細孔化）あるいは細孔表面への析出・付着物増加により、毛細管圧のバランスが崩れ液水が排出されにくくなる。これによりガス流通路としての細孔が水で塞がれ、気体拡散係数が顕著に低下する。"",
      ""affected_parameters"": ""細孔径・細孔容積の有効値が減少し、ガス透過率が大幅に減少（設計仕様：細孔径中央値・細孔容積mL/g・ガス透過率等）"",
      ""affected_function"": ""反応ガス供給機能／液水排出機能（＝フラッディング耐性）""
    },
    {
      ""concern_content"": ""撥水性低下：微細孔壁面の表面エネルギー変化により液水の保持・排出挙動が変化する状態"",
      ""location"": ""1. セル内部・微細構造層 ＞ ガス拡散層・撥水層/MPL"",
      ""mechanism"": ""高温多湿環境や電位変動下において、PTFE等の撥水剤が脱落・分解・劣化することで表面が親水化。水との接触角が低下し、壁面に水が親和的に付着→細孔内で水が長時間滞留しやすくなる。"",
      ""affected_parameters"": ""表面接触角が減少（設計仕様：初期接触角＞○°）、毛細管圧分布値（capillary pressure）変動"",
      ""affected_function"": ""反応ガス透過／水排出経路維持機能（＝フラッディング耐性）""
    },
    {
      ""concern_content"": ""構造圧密・変形：ガス拡散層細孔ネットワークが外部圧力や加圧取り付けによって圧密し、細孔体積が不可逆的に減少する現象"",
      ""location"": ""1. セル内部・微細構造層 ＞ ガス拡散層・炭素繊維基材"",
      ""mechanism"": ""スタック締結荷重や運転中の温度サイクル（熱膨張/収縮）によってGDL内部の炭素繊維マトリックスが圧縮変形。これにより細孔径縮小、経路の途絶が生じ気相拡散路が狭窄。二次的に液溜り（ウォーターポケット）部位が形成されやすくなる。"",
      ""affected_parameters"": ""体積密度・細孔体積分率が増加／無効ガスポケット率の増加"",
      ""affected_function"": ""ガス供給均一性／液水排出維持（＝フラッディング耐性）""
    }
  ]
}"
空隙率,酸素輸送抵抗の低減,"1. 物性: 空隙率
2. 機能: 酸素輸送抵抗の低減","{
  ""concerns"": [
    {
      ""concern_content"": ""細孔閉塞（空隙の充填・詰まり）"",
      ""location"": ""1. セル内部・微細構造層 ＞ ガス拡散層・細孔内部"",
      ""mechanism"": ""ガス拡散層（GDL）や触媒層の細孔部位で、水分凝縮あるいは生成物による析出が起きることで、設計上確保すべき空隙（細孔）が占有される。これにより通気路が狭くなり、酸素輸送パスの連続性が損なわれる。湿度サイクルやドライ／ウェット繰返し、二次生成物の析出によって不可逆的な閉塞が進行。"",
      ""affected_parameters"": ""空隙率が減少（％減）、細孔径の平均値が設計値以下に低下"",
      ""affected_function"": ""酸素輸送抵抗の増大（O2拡散遅延）（定格出力時の酸素供給性能不全）""
    },
    {
      ""concern_content"": ""細孔構造の崩壊・変形（細孔径分布の偏り）"",
      ""location"": ""1. セル内部・微細構造層 ＞ ガス拡散層・炭素繊維基材"",
      ""mechanism"": ""高圧縮荷重やスタック締結応力、長期的な応力集中、または化学的腐食（酸化）によって、炭素繊維基材や細孔構造自体が不可逆的に塑性変形あるいは破壊される。これにより大径細孔の減少や細孔塞ぎが生じる。"",
      ""affected_parameters"": ""空隙率が時間経過とともに低下、空隙連通度悪化"",
      ""affected_function"": ""酸素輸送抵抗の増大・不均一化（セル反応分布の偏り）""
    },
    {
      ""concern_content"": ""カーボン担体の腐食による微細空隙の消失"",
      ""location"": ""1. セル内部・微細構造層 ＞ 触媒層・カーボン担体"",
      ""mechanism"": ""高電位バイアスや自己呼吸モード、スタートアップ／シャットダウン時の急峻な電位変動下でカーボン担体が酸化し、微細空隙が消失、骨格自体が収縮・崩壊。触媒層のガス拡散パスが減少する。"",
      ""affected_parameters"": ""空隙率の減少、比表面積の減少"",
      ""affected_function"": ""酸素輸送抵抗増大および利用率低下""
    }
  ]
}"
空隙率,フラッディング耐性,"1. 物性: 空隙率
2. 機能: フラッディング耐性","{
  ""concerns"": [
    {
      ""concern_content"": ""細孔閉塞（空隙率の局所的減少・目詰まり）"",
      ""location"": ""1. セル内部・微細構造層 ＞ ガス拡散層・細孔内部"",
      ""mechanism"": ""高湿度環境下での水生成や吸湿により、ガス拡散層の細孔内に液水が蓄積。さらに液水が排出されずに滞留すると、カーボン繊維間隙や撥水層内で閉塞が生じ、空隙率が低下する（毛細管凝集または界面張力依存の液体ブロッキング）。その結果、ガスや水の輸送経路が奪われる。"",
      ""affected_parameters"": ""空隙率（％）、細孔径分布（μm）、通気抵抗（増大）"",
      ""affected_function"": ""フラッディング耐性（ガス輸送機能低下、電極利用率低下）""
    },
    {
      ""concern_content"": ""撥水層の浸潤（親水化進行）"",
      ""location"": ""1. セル内部・微細構造層 ＞ ガス拡散層・撥水層/MPL"",
      ""mechanism"": ""高温多湿・長時間運転下でPTFE等の撥水材が分解・流亡あるいは加水分解を受け、撥水性が失われる。これによりガス拡散層表面が親水化し、水の付着性が高まり、細孔に水が容易に浸入・閉塞しやすくなる。"",
      ""affected_parameters"": ""表面接触角（減少）・空隙率（局所減少）"",
      ""affected_function"": ""フラッディング耐性（ガス輸送、排水性の低下）""
    },
    {
      ""concern_content"": ""アイオノマー分布の偏在・析出（細孔内フィリング）"",
      ""location"": ""1. セル内部・微細構造層 ＞ 触媒層・アイオノマーネットワーク"",
      ""mechanism"": ""アイオノマーが過剰に局在した場合や経時変化で析出・移動した場合に、触媒層やGDL細孔内に浸入して細孔部を埋める。これにより空隙率が低下し、ガス輸送経路が遮断される。"",
      ""affected_parameters"": ""空隙率（減少）、アイオノマー質量分率（増大）"",
      ""affected_function"": ""フラッディング耐性（ガス拡散・供給機能不全）""
    }
  ]
}"
空隙率,流路圧力損失の適正化,"1. 物性: 空隙率
2. 機能: 流路圧力損失の適正化","{
  ""concerns"": [
    {
      ""concern_content"": ""細孔閉塞（ポアブロッケージ）"",
      ""location"": ""1. セル内部・微細構造層 ＞ ガス拡散層・細孔内部"",
      ""mechanism"": ""ガス拡散層（GDL）への液水の生成・浸入や生成物の析出に伴い、細孔内部の一部が液体や析出物で満たされることで空隙が失われ、ガス流路が物理的に閉塞する。これにより空隙率が局所的・全体的に減少する。"",
      ""affected_parameters"": ""空隙率（％）の減少、通気度の低下、局所圧力上昇"",
      ""affected_function"": ""流路圧力損失の増大、ガス供給不均一化による反応阻害""
    },
    {
      ""concern_content"": ""圧密変形（コンパクション）による空隙構造の破壊"",
      ""location"": ""1. セル内部・微細構造層 ＞ ガス拡散層・炭素繊維基材"",
      ""mechanism"": ""スタック締結時などに加わる外部機械応力や熱サイクル（膨張・収縮）によって、炭素繊維ネットワークが塑性的あるいは弾塑性的に変形し、空隙構造が押しつぶされることで空隙率が低下する。"",
      ""affected_parameters"": ""ガス拡散層の空隙率（％）・厚みの減少、透過係数の低下"",
      ""affected_function"": ""流路圧力損失の増加、質量輸送の妨害""
    },
    {
      ""concern_content"": ""疎水層（MPL）の親水化（フッ素樹脂劣化）"",
      ""location"": ""1. セル内部・微細構造層 ＞ ガス拡散層・撥水層/MPL"",
      ""mechanism"": ""高温・高湿・酸化環境下で撥水剤（PTFE等）が化学的に分解/劣化し、微細多孔体表面が親水化。水の浸入・保持が促進されて本来の空隙の効果的なガス移動が阻害される。"",
      ""affected_parameters"": ""接触角（撥水性）の減少、空隙内・表面の液保持量増加"",
      ""affected_function"": ""圧力損失の増加、局所局流の発生""
    },
    {
      ""concern_content"": ""セパレータ流路溝の固体析出（スケーリング）"",
      ""location"": ""3. セル構成部材 ＞ セパレータ流路・ガス流路溝"",
      ""mechanism"": ""冷却水や反応生成物中の不純物（シリカ、カルシウム等）が析出・堆積し、流路の一部が塞がれることで有効流断面が狭まり、空隙率が局所的に減少する。"",
      ""affected_parameters"": ""有効流路断面積の減少、圧力損失係数の増大"",
      ""affected_function"": ""圧力損失の増加、ガス/冷却流の偏流・停滞""
    }
  ]
}"
撥水性(PTFE),フラッディング耐性,"1. 物性: 撥水性(PTFE)
2. 機能: フラッディング耐性","{
  ""concerns"": [
    {
      ""concern_content"": ""撥水層の疎水性低下による浸潤領域の拡大（親水化）"",
      ""location"": ""1. セル内部・微細構造層 ＞ ガス拡散層・撥水層/MPL"",
      ""mechanism"": ""フルオロポリマー（PTFE）中のフッ素官能基が、長期の高温・高湿・強酸化的なセル環境下で加水分解や酸化分解を受けて脱落し、分子全体が親水化へ転化。これにより表面エネルギーが増大し、液水が浸透しやすくなる。細孔構造への液体水の浸潤閾値が低下する。"",
      ""affected_parameters"": ""撥水層表面の接触角（低下）、表面自由エネルギー（上昇）、空隙率の局所充水率（増加）"",
      ""affected_function"": ""フラッディング耐性（ガス透過性の維持・水排出能）""
    },
    {
      ""concern_content"": ""細孔内PTFEの膨潤・流動による微細孔の閉塞（細孔閉塞）"",
      ""location"": ""1. セル内部・微細構造層 ＞ ガス拡散層・細孔内部"",
      ""mechanism"": ""周期的なセル加湿変動や高温・圧力下でPTFEが溶融・移動し、微細孔内に再配置される。結果、ガス通流に寄与する連続細孔径が減少し、水分子・液体水が溜まりやすくなる。"",
      ""affected_parameters"": ""細孔径分布（平均径低下、閉塞孔割合増加）、ガス透過率（低下）、液水排出流量（低下）"",
      ""affected_function"": ""フラッディング耐性（ガス供給経路の維持）""
    },
    {
      ""concern_content"": ""PTFE分散不均一化による撥水層厚み局所減少（膜薄膜化・脱落）"",
      ""location"": ""1. セル内部・微細構造層 ＞ ガス拡散層・撥水層/MPL"",
      ""mechanism"": ""高加湿状態やガスフロー剪断応力、多孔質基材との界面剥離によってPTFE膜厚が局所的に減少・消失。局部的な疎水性能喪失に起因し局所水浸潤が発生、ガス阻害箇所となる。"",
      ""affected_parameters"": ""撥水層厚さ（局所的減少）、膜面積当たりのPTFE被覆率（低下）"",
      ""affected_function"": ""フラッディング耐性（均一な水排出性）""
    }
  ]
}"
材質(C/Ti),界面接触抵抗の低減,"1. 物性: 材質(C/Ti)
2. 機能: 界面接触抵抗の低減","{
  ""concerns"": [
    {
      ""concern_content"": ""表面酸化皮膜の増厚"",
      ""location"": ""3. セル構成部材 ＞ セパレータ・表面保護膜/処理層"",
      ""mechanism"": ""セル内で高湿度・高電位環境下、チタン（Ti）やカーボン（C）基材表面に自然発生的に酸化皮膜（TiO2や炭素の酸化物）が生成・成長する。これにより、電子のトンネル効果が阻害され、界面の電気伝導性が低下する。特に始動・停止時や高電位印加時に加速される。"",
      ""affected_parameters"": ""界面接触抵抗値（増加）、表面酸化膜厚（増加）"",
      ""affected_function"": ""界面接触抵抗の低減（機能不全：目標値を上回る接触抵抗）""
    },
    {
      ""concern_content"": ""接触部の弾塑性変形／マイクロクラックの発生"",
      ""location"": ""3. セル構成部材 ＞ セパレータ・基材内部"",
      ""mechanism"": ""締結応力や堆積応力により、金属/カーボンセパレータの表層～内部に微小な弾塑性変形やクラックが発生。これによりマイクロコンタクトの面積が減少し、接触抵抗が局所的に増加しやすくなる。湿潤状態では腐食とも連動。"",
      ""affected_parameters"": ""表面粗さパラメータ（増加）、マイクロ接触面積（減少）"",
      ""affected_function"": ""界面接触抵抗の低減（接触面積減少による局所抵抗増大）""
    },
    {
      ""concern_content"": ""界面の微視的な剥離／空隙（ボイド）形成"",
      ""location"": ""2. 部材間界面 ＞ GDL／セパレータ界面・接触点"",
      ""mechanism"": ""繰返し熱応力やセル発熱・乾湿サイクルにより、界面にボイドや剥離が発生。粘着力や機械的密着性が低下し、電子の流れるパスが限定される。C/Ti材料の熱膨張差も影響する。"",
      ""affected_parameters"": ""界面空隙率（増加）、接触率（減少）"",
      ""affected_function"": ""界面接触抵抗の低減（局所空隙による伝導経路途絶/抵抗増大）""
    }
  ]
}"
材質(C/Ti),部材バルク抵抗の低減,"1. 物性: 材質(C/Ti)
2. 機能: 部材バルク抵抗の低減","{
  ""concerns"": [
    {
      ""concern_content"": ""酸化皮膜の生成・成長（酸化チタン層の厚膜化）"",
      ""location"": ""3. セパレータ ＞ 基材内部"",
      ""mechanism"": ""セル動作下の高温・高湿・強酸性雰囲気、およびセル電位の繰返しによりTitanium基材表面で酸化反応が進行し、TiO2等の絶縁性酸化皮膜が厚く生成される。酸化皮膜の成長により、部材表面から内部への電子移動が阻害される。"",
      ""affected_parameters"": ""バルク抵抗値（Ωcm）が増大"",
      ""affected_function"": ""セル部材の通電機能、バルク抵抗の低減""
    },
    {
      ""concern_content"": ""炭素材料のミクロ構造変化（粒界での亀裂・空孔発生）"",
      ""location"": ""3. セパレータ ＞ 基材内部"",
      ""mechanism"": ""高電位・高温・酸化環境下で炭素が電気化学的に腐食・消失し、粒界や結晶境界に細孔・マイクロクラックが発生。伝導経路の連続性が失われ、電子移動効率が低下する。"",
      ""affected_parameters"": ""電気伝導率（S/cm）の低下、体積抵抗増大"",
      ""affected_function"": ""セル部材の通電機能、バルク抵抗の低減""
    }
  ]
}"
材質(C/Ti),触媒担体腐食の抑制,"1. 物性: 材質(C/Ti)
2. 機能: 触媒担体腐食の抑制","{
  ""concerns"": [
    {
      ""concern_content"": ""カーボン担体の腐食孔・構造消失（ボイド形成、空隙拡大、骨格崩壊）"",
      ""location"": ""1. セル内部・微細構造層 ＞ 触媒層・カーボン担体"",
      ""mechanism"": ""高電位運転や起動・停止時の電位揺動により、触媒層内のカーボン担体が酸化反応（C + 2H2O → CO2 + 4H+ + 4e−）を受ける。特に高湿度・高電位状態下やガス欠時に、カーボンの分子骨格が選択的に攻撃され、カーボンネットワーク内に孔（ボイド）が発生し、内部構造が崩壊する。これは、カーボン材では酸素化・焼失過程、Ti担体では不可逆的な劣化は起こりにくい。"",
      ""affected_parameters"": ""担体含有率の低下、細孔径の拡大、比表面積の減少"",
      ""affected_function"": ""触媒活性面積の減少・ガス拡散性低下""
    },
    {
      ""concern_content"": ""カーボン担体と白金粒子の剥離・触媒層表面の荒れ（Pt粒子のシンタリングや担体からの遊離）"",
      ""location"": ""1. セル内部・微細構造層 ＞ 触媒層・カーボン担体"",
      ""mechanism"": ""カーボン担体が腐食・消失することで、担持されていた白金粒子が路面化、もしくは担体から遊離し、粒子径が増大（シンタリング）。Ti担体であれば金属－白金界面は安定するが、カーボンでは担体が失われて界面が不安定になり、局所的な白金粒子同士の再配列・粗大化が不可逆に進行する。"",
      ""affected_parameters"": ""白金粒径増大、担体-触媒界面積低下、Pt分布ムラ増大"",
      ""affected_function"": ""電極反応活性低下・セル電圧低下""
    }
  ]
}"
材質(C/Ti),積層荷重の保持,"1. 物性: 材質(C/Ti)
2. 機能: 積層荷重の保持","{
  ""concerns"": [
    {
      ""concern_content"": ""塑性変形（永久ひずみ発生）"",
      ""location"": ""3. セル構成部材 ＞ セパレータ・基材内部"",
      ""mechanism"": ""繰返し起動停止や締結力の経時変化による応力集中が、C/Ti材質の降伏強度を超えて分子配列のずれ（転位運動）を発生させ、不可逆的な塑性変形が起こる。特にC材はクリープや疲労、Ti材は応力腐食割れも関連。"",
      ""affected_parameters"": ""厚み低下・平坦度低下（変形量が増大）"",
      ""affected_function"": ""積層体圧の保持不全""
    },
    {
      ""concern_content"": ""界面剥離（層間剥離）"",
      ""location"": ""3. セル構成部材 ＞ セパレータ・表面保護膜/処理層"",
      ""mechanism"": ""Ti材やC材の熱膨張係数差や、セル内結露・ガス浸透による界面劣化で密着力が低下し、局所的な外力で層間に空隙が拡大。分子間引力や化学結合の切断による不可逆なリフトオフが発生。"",
      ""affected_parameters"": ""界面強度（せん断強度・引張強度の低下）"",
      ""affected_function"": ""伝荷性能・積層荷重の均一分布""
    },
    {
      ""concern_content"": ""マイクロクラック（微細亀裂進展）"",
      ""location"": ""3. セル構成部材 ＞ セパレータ・基材内部"",
      ""mechanism"": ""高荷重＋サイクル応力下でC/Ti材料の結晶粒界に局所応力集中、粒界すべりや転位蓄積、金属では疲労、炭素材では熱衝撃やガス注入による体積変化で内部に微小亀裂が逐次発生・進展。"",
      ""affected_parameters"": ""曲げ強度・破壊靭性（低下）"",
      ""affected_function"": ""セル積層体の長期的な締結安定性""
    }
  ]
}"
材質(C/Ti),耐振動・耐衝撃性,"1. 物性: 材質(C/Ti)
2. 機能: 耐振動・耐衝撃性","{
  ""concerns"": [
    {
      ""concern_content"": ""塑性変形・クラック発生"",
      ""location"": ""3. セパレータ ＞ 基材内部"",
      ""mechanism"": ""セルの起動停止や外部振動・機械的衝撃による繰返し応力がTi材やC材内部に蓄積され、微細な欠陥や結晶粒界に応力集中が生じることで塑性変形やクラックが発生する。特にTiは塑性変形しやすく、C材は脆性的に割れやすい。"",
      ""affected_parameters"": ""内部応力・ひずみ・残留変形量が増大、クラック長・密度が増加、ヤング率・降伏強度が低下"",
      ""affected_function"": ""セル構成部材のシール保持力低下、機械的破断・ガスリーク耐性低下""
    },
    {
      ""concern_content"": ""界面剥離"",
      ""location"": ""3. セパレータ ＞ 表面保護膜/処理層"",
      ""mechanism"": ""異材接合部（例：Ti基材上の導電膜、Cセパ上の表面処理層）で振動繰返しや短パルス衝撃により界面せん断応力が発生。相互に物性差（熱膨張係数や弾性率）もあるため、応力集中で剥離発生。"",
      ""affected_parameters"": ""界面強度・付着力が低下、界面抵抗が増加、被膜厚みが不均一化"",
      ""affected_function"": ""集電抵抗増大、耐食性劣化、セル間電気伝導性低下""
    },
    {
      ""concern_content"": ""微小粉体化および粒子脱落"",
      ""location"": ""3. セパレータ ＞ 基材内部"",
      ""mechanism"": ""Cセパレータの場合、組成・多孔質構造の微細部で繰返し振動・変位により微小粒子レベルの脱落や粉体化が発生。部材の内部ひずみ緩和の一つとして現れる。"",
      ""affected_parameters"": ""基材の表面粗度増加、厚み減少、粉体発生量増加"",
      ""affected_function"": ""セル間の密着性/導電性低下、内部リーク路形成""
    },
    {
      ""concern_content"": ""シール材への食い込み・変形伝搬"",
      ""location"": ""3. セパレータ / ガスケット 界面 ＞ 接触点"",
      ""mechanism"": ""セパレータ基材が脆性割れや塑性変形を起こすと、シール材との接触点に局所的荷重が集中しガスケットが変形・永久圧縮歪を生じやすい。Ti材の過度変形やC材のチッピングが起因。"",
      ""affected_parameters"": ""ガスケット変形量・応力分布不均一化、面圧低下/偏在"",
      ""affected_function"": ""ガスシール機能の喪失、外部環境へのガス漏洩""
    }
  ]
}"
材質(C/Ti),膜の膨潤圧制御,"1. 物性: 材質(C/Ti)
2. 機能: 膜の膨潤圧制御","{
  ""concerns"": [
    {
      ""concern_content"": ""塑性変形（永久ひずみ）"",
      ""location"": ""3. セル構成部材 ＞ セパレータ ＞ 基材内部"",
      ""mechanism"": ""高温・高湿度運転下で、CやTi材の降伏強さを超える膨潤圧が電解質膜からセパレータへ断続的に伝達されると、局所的な応力集中により金属結晶格子またはC材粒界が破壊され、微小な塑性変形やうねりとして形状に残留する。"",
      ""affected_parameters"": ""寸法精度（厚み・平坦度）が増大方向に外れる"",
      ""affected_function"": ""セル間の密閉性（ガス分離性）、圧力分布均一性""
    },
    {
      ""concern_content"": ""クラック（割れ）"",
      ""location"": ""3. セル構成部材 ＞ セパレータ ＞ 基材内部"",
      ""mechanism"": ""繰返し膨潤収縮ストレスにより、C材なら粒界または異物混入部から、Tiなら表面酸化層の脆弱部から、クラックが発生・伝播し、微小割れが進行する。特に乾燥⇄加湿の繰返しや急激な温度変化で加速。"",
      ""affected_parameters"": ""破断強度・内部抵抗の急増"",
      ""affected_function"": ""長期運転時のセル構造安定性、電流収集機能""
    },
    {
      ""concern_content"": ""表面酸化層の剥離"",
      ""location"": ""3. セル構成部材 ＞ セパレータ ＞ 表面保護膜/処理層"",
      ""mechanism"": ""Ti材の酸化皮膜（TiO2）が電解質中の強酸・還元雰囲気下で、膜の膨潤圧＋電気化学環境の複合ストレスにより亀裂や剥離を生じやすい。C材の場合も酸化被膜の非均一変質域から剥離が進行。"",
      ""affected_parameters"": ""表面導電率・接触抵抗の増大"",
      ""affected_function"": ""電流収集効率、セル間接触信頼性""
    },
    {
      ""concern_content"": ""界面密着性の低下（界面剥離）"",
      ""location"": ""2. 部材間界面 ＞ GDL / セパレータ 界面 ＞ 接触点"",
      ""mechanism"": ""膨潤圧変動により、GDLとセパレータ界面の接触圧むらや微小浮き上がりが進行、所定設計以上のギャップが生じることで機械的・電気的密着性が低下。"",
      ""affected_parameters"": ""接触抵抗の増大、局所ギャップ増大"",
      ""affected_function"": ""発電効率の低下、局所発熱・劣化促進""
    }
  ]
}"
工法(プレス等),部材間クリアランス維持,"1. 物性: 工法(プレス等)
2. 機能: 部材間クリアランス維持","{
  ""concerns"": [
    {
      ""concern_content"": ""基材内部の塑性変形（永久たわみ・ヘコミ）"",
      ""location"": ""3. セパレータ ＞ 基材内部"",
      ""mechanism"": ""プレス工程やセル組立時の圧縮応力により、セパレータ基材が降伏点を超えると金属の塑性流動が生じ、永久的な厚み減少や部分的なたわみが残る。繰り返し締結や熱サイクルによっても、累積的に永久変形が進行する。"",
      ""affected_parameters"": ""面間ギャップ／板厚（減少）、表面平坦度（悪化）"",
      ""affected_function"": ""部材間の適切なクリアランス維持（特にMEAやGDLへの応力均等化）""
    },
    {
      ""concern_content"": ""リブ下領域の局所座屈・浮き上がり"",
      ""location"": ""2. 部材間界面 ＞ GDL / セパレータ 界面 ＞ リブ下領域"",
      ""mechanism"": ""高圧プレスにより、GDLやセパレータ下部がリブ下で局所的な座屈あるいは浮き上がりを起こす。これは、セル積層の公差や面圧の偏りが原因で、GDLの構造体やセパレータ板厚が不均一の場合に発生しやすい。"",
      ""affected_parameters"": ""局所ギャップ量（増加）、接触抵抗（増大）"",
      ""affected_function"": ""電気的接続信頼性、反応ガス分布・供給通路の閉塞回避""
    },
    {
      ""concern_content"": ""リップ部ゴム材の圧縮永久歪み"",
      ""location"": ""3. ガスケット・シール材 ＞ リップ部"",
      ""mechanism"": ""プレスや長期間の締結による応力がゴムの内部高分子鎖の再配列を引き起こし、弾性回復力が低下することで圧縮変形が不可逆となる（圧縮永久歪み）。"",
      ""affected_parameters"": ""シール厚さ（減少）、弾性率（低下）"",
      ""affected_function"": ""ガス・水のシール保持性能""
    },
    {
      ""concern_content"": ""セル間のアライメントずれ（並進・傾斜誤差）"",
      ""location"": ""4. スタック構造・アセンブリ ＞ セル積層体 ＞ セル間のアライメント"",
      ""mechanism"": ""プレス工程やセル積層時のガイド精度不足により、スタック内でのセル位置ズレ（X・Y・θ方向）が発生する。これにより、局所的な厚みバラツキやセル間クリアランス不良が生じる。"",
      ""affected_parameters"": ""セル間オフセット量（増大）、局所面圧分布のばらつき（増大）"",
      ""affected_function"": ""均一なスタック圧縮・反応均一性の維持""
    }
  ]
}"
工法(プレス等),量産性・製造効率,"1. 物性: 工法(プレス等)
2. 機能: 量産性・製造効率","{
  ""concerns"": [
    {
      ""concern_content"": ""塑性変形（形状寸法のバラツキ、微細クラックの発生）"",
      ""location"": ""3. セパレータ ＞ 基材内部"",
      ""mechanism"": ""プレス加工時の局所的な圧縮・引張応力集中によって、金属材料が塑性限界を超過し、結晶粒界に沿って微細な変形やクラックが発生する。特に複雑な流路形状形成時に、残留応力やひずみ硬化の局所化も生じやすい。"",
      ""affected_parameters"": ""板厚・表面粗さ・変形度合いのバラツキが増大"",
      ""affected_function"": ""シール性・ガス漏洩防止機能、流路形状再現性、セル積層時のアライメント精度""
    },
    {
      ""concern_content"": ""表面欠陥（バリ、打痕、しわ、割れ）"",
      ""location"": ""3. セパレータ流路 ＞ ガス流路溝"",
      ""mechanism"": ""プレス成形時に金型の微細摩耗や材料の流動性不良がある場合、流路溝部にストレス集中しバリや打痕、表面割れが生じる。高アスペクトな流路形状ほど顕著。"",
      ""affected_parameters"": ""表面粗さ（Ra, Rz）の悪化、流路形状寸法の公差超過"",
      ""affected_function"": ""流体分配均一性、圧力損失の増加、着座不良によるガスリーク""
    },
    {
      ""concern_content"": ""残留応力の蓄積（スプリングバック量のバラツキ）"",
      ""location"": ""3. セパレータ ＞ 基材内部"",
      ""mechanism"": ""プレス加工により基材内部にバランスしない残留応力が生じるため、解放後にスプリングバックなど微妙なうねりや反りが発生する。量産条件ばらつき下で顕著。"",
      ""affected_parameters"": ""板平面度・直進度の悪化、残留応力計のピーク値増大"",
      ""affected_function"": ""セル積層時のギャップ発生、締結部品への負荷集中、スタック圧縮均一性低下""
    }
  ]
}"
流路断面形状,フラッディング耐性,"1. 物性: 流路断面形状
2. 機能: フラッディング耐性","{
  ""concerns"": [
    {
      ""concern_content"": ""流路壁面に水膜形成（液相水の過剰蓄積）"",
      ""location"": ""3. セパレータ流路 ＞ 流路壁面"",
      ""mechanism"": ""運転中の高湿度条件下で、流路の断面形状が狭小または凹凸が大きい場合に、ガス流速の局所低下や壁面への毛細管力が水の排出を妨げ、水膜が形成される。水膜の存在によりガスと液体の界面張力バランスが破綻し、静的に水がとどまる。"",
      ""affected_parameters"": ""流路断面積の最小幅の減少、表面粗さの増大、流路断面の形状歪み量の増加"",
      ""affected_function"": ""反応ガス供給機能の阻害（フラッディング発生）""
    },
    {
      ""concern_content"": ""デッドスペースへの液滞留"",
      ""location"": ""3. セパレータ流路 ＞ デッドスペース"",
      ""mechanism"": ""流路断面が設計値より部分的に広がったり、不連続形状となることでガス流速が局所的に著しく低下し、停滞部（デッドスペース）が生じる。ここに生成水や凝縮水が滞留し、除去されにくい水だまりとなる。"",
      ""affected_parameters"": ""流路内の局所容積の増大、流路カーブ部の曲率半径変動"",
      ""affected_function"": ""生成水排出機能の低下、ガス分布の均一性低下""
    },
    {
      ""concern_content"": ""GDL下部（リブ下）からの毛細管排水阻害による細孔閉塞"",
      ""location"": ""2. 部材間界面 ＞ GDL / セパレータ 界面 ＞ リブ下領域"",
      ""mechanism"": ""流路断面形状がリブ下の幅や圧接条件に影響を及ぼすと、GDL内に生じる毛細管圧バランスが変化。吸水・排水方向の圧力差が減少＝水分がGDL・流路界面に留まりやすくなり、界面で水蒸気から液相への凝結が加速、細孔構造が閉塞する。"",
      ""affected_parameters"": ""リブ下幅寸法、GDL圧縮率、毛細管圧力変動幅の増大"",
      ""affected_function"": ""ガス拡散・水分輸送機能の低下""
    }
  ]
}"
流路断面形状,流路圧力損失の適正化,"1. 物性: 流路断面形状
2. 機能: 流路圧力損失の適正化","{
  ""concerns"": [
    {
      ""concern_content"": ""流路の塑性変形"",
      ""location"": ""3. セパレータ流路 ＞ ガス流路溝"",
      ""mechanism"": ""スタックへの締結荷重、温度変動による熱膨張差、あるいは運転中の圧力差により、金属または樹脂製セパレータの流路溝部が繰返し機械応力を受けて塑性変形（潰れや伸び）を起こす。これにより設計された断面が保持できなくなり、狭窄部や広がり部が生じる。"",
      ""affected_parameters"": ""流路幅・高さ（断面積）の局所的減少または増大。圧力損失値の変動増大。"",
      ""affected_function"": ""ガス流量制御機能の低下、圧力損失制御不良によるガス分布不均一""
    },
    {
      ""concern_content"": ""流路内の析出物付着による有効断面積の減少（細孔閉塞・堆積物形成）"",
      ""location"": ""3. セパレータ流路 ＞ ガス流路溝"",
      ""mechanism"": ""運転中の高湿度・温度サイクルで、冷却水や生成水の凝縮、ガス中夾雑物（シリカ・金属イオンなど）の析出が流路壁面やコーナー部に付着し堆積。繰返し蓄積することで有効断面積が減少。"",
      ""affected_parameters"": ""断面積・開口率の減少、流路粗度の増大"",
      ""affected_function"": ""圧力損失増大、流体分布不均一、局所滞留域の拡大""
    },
    {
      ""concern_content"": ""表面腐食による粗度変化および形状寸法の変化"",
      ""location"": ""3. セパレータ流路 ＞ 流路壁面"",
      ""mechanism"": ""強酸雰囲気・高電位下でセパレータ表面の腐食進行。表面が粗化し、腐食生成物が微小な突起や欠損を生み、断面実効形状が乱れる。"",
      ""affected_parameters"": ""表面粗度Raの増大、実効流路断面積の変動"",
      ""affected_function"": ""圧力損失増大、流体摩擦増加によるエネルギーロス""
    },
    {
      ""concern_content"": ""シール材膨潤・変形による流路狭窄"",
      ""location"": ""3. セパレータ流路 ＞ 流路壁面"",
      ""mechanism"": ""水分やガス成分を吸収したガスケット・シール材が膨潤・化学劣化して流路へはみ出し、有効流路断面を押し狭める。"",
      ""affected_parameters"": ""断面積有効率の低下、流路狭窄長さの増加"",
      ""affected_function"": ""局所圧力損失増大によるガス供給不均一化""
    }
  ]
}"
接触抵抗,界面接触抵抗の低減,"1. 物性: 接触抵抗
2. 機能: 界面接触抵抗の低減","{
  ""concerns"": [
    {
      ""concern_content"": ""接触点におけるマイクロクラックや塑性変形進行による接触面積の減少（実効接触面積変化）"",
      ""location"": ""2. 部材間界面 ＞ GDL / セパレータ 界面 ＞ 接触点"",
      ""mechanism"": ""セルの締結圧・温度変動・起動停止による機械的応力集中や繰返し塑性で、接触点の局所応力が累積し、炭素/金属微細突起部に微小クラックや撓みが発生・進展する。これにより接触構造が不連続化し、実効的な導通経路が遮断される。"",
      ""affected_parameters"": ""局所接触抵抗値（増大）、表面粗さ（増大/再形成）"",
      ""affected_function"": ""電気伝導路の抵抗増加による発電効率低下""
    },
    {
      ""concern_content"": ""接触表面への生成物（酸化膜・腐食生成物・析出塩類）の堆積による絶縁被膜形成"",
      ""location"": ""2. 部材間界面 ＞ GDL / セパレータ 界面 ＞ 接触点"",
      ""mechanism"": ""高温多湿および起動停止サイクル下で、表面の微小な酸化や水分に起因する腐食反応、あるいはガス・水中イオン由来の析出によって接触面に絶縁性皮膜（酸化被膜・腐食生成物）が成長し、電子トンネル経路が断絶される。"",
      ""affected_parameters"": ""界面接触抵抗値（増大）、酸化膜厚さ（増大）"",
      ""affected_function"": ""電気伝導路の接触電圧増加／I-R損失増大""
    },
    {
      ""concern_content"": ""接触圧分布の不均一化・局所圧力減少による接触部の浮き上がり（局部非接触領域発生）"",
      ""location"": ""2. 部材間界面 ＞ GDL / セパレータ 界面 ＞ 接触点"",
      ""mechanism"": ""スタック締結や熱膨張差、セルの局所変形・歪みの蓄積により、接触圧（分布）が経時変化し、接触部の一部で圧力が低下して浮きや設置外れ（ミクロな隙間）が発生する。これにより通電パスとなる微小接点が消失する。"",
      ""affected_parameters"": ""実効接触圧（減少）、非接触域面積（増大）"",
      ""affected_function"": ""電気抵抗の上昇・局所的な電流密度の低下／ホットスポットリスク増大""
    },
    {
      ""concern_content"": ""水分凝縮・気液遷移による接触点閉塞（毛細管空隙内の液体橋形成）"",
      ""location"": ""2. 部材間界面 ＞ GDL / セパレータ 界面 ＞ 接触点"",
      ""mechanism"": ""高湿度環境または冷却運転時、接触面や微小空隙に水分が凝縮し、泡状・液体架橋（liquid bridge）として微細導通経路を絶縁・閉塞する。さらに時間とともに析出塩や腐食生成物を伴って絶縁性が増す。"",
      ""affected_parameters"": ""接触点濡れ面積（増大）、局所絶縁抵抗値（増大）"",
      ""affected_function"": ""伝導経路断絶・界面抵抗の急激な増大""
    }
  ]
}"
締結面圧,界面接触抵抗の低減,"1. 物性: 締結面圧
2. 機能: 界面接触抵抗の低減","{
  ""concerns"": [
    {
      ""concern_content"": ""締結部材のボルト締付部が、反復的な熱サイクルやマイグレーション応力によって塑性変形を起こし、面圧分布の偏りや低下により局部的な面圧ムラ（局所的な低面圧部位）が発生する状態"",
      ""location"": ""4. スタック構造・アセンブリ ＞ 締結部材・テンションボルト"",
      ""mechanism"": ""スタックは高温・冷却サイクルやガス圧変動等の環境下で、ボルトなどの締結材に繰返し軸力変動（クリープ＋繰り返し荷重）が生じる。これにより塑性流動やクリープが発生し、初期面圧と設計面圧から逸脱し、締結部の軸力が減少する。"",
      ""affected_parameters"": ""面圧（MPa）が設計値から低下（局所低減）"",
      ""affected_function"": ""界面接触抵抗が増大し、発電性能や電流分布の均一性が損なわれる""
    },
    {
      ""concern_content"": ""GDL/セパレータ界面の接触点が長期運転・締付応力緩和により部分的に浮き上がり、接触面積の減少やAir gap部位（界面空隙）が形成される状態"",
      ""location"": ""2. 部材間界面 ＞ GDL / セパレータ 界面・接触点"",
      ""mechanism"": ""面圧の不足や不均一分布が生じると、微視的な界面凹凸の追従性が失われ、部分的な非接触（Air gap領域）ができる。これにより電子通路が遮断もしくは細化され、界面抵抗が上昇する。"",
      ""affected_parameters"": ""実効接触面積が減少／界面抵抗（μΩcm²）が増加"",
      ""affected_function"": ""界面接触抵抗が規定値を超えて増大し、セル電圧降下・ホットスポットなど信頼性低下""
    },
    {
      ""concern_content"": ""セパレータ基材内部で繰返し高面圧や熱サイクルによりマイクロクラックが発生し、基材剛性・弾性保持力が劣化する状態"",
      ""location"": ""3. セル構成部材 ＞ セパレータ・基材内部"",
      ""mechanism"": ""面圧を長期間維持するとセパレータに機械的疲労や塑性変形が蓄積し、応力集中部で微小クラックが生じ、材料の弾性（E）や剛性が低下することで面圧分布を維持できなくなる。"",
      ""affected_parameters"": ""ヤング率／曲げ剛性の低下（材料物性値）"",
      ""affected_function"": ""界面圧の維持不良による電気接触不良化、およびスタック耐久性劣化""
    }
  ]
}"
締結面圧,積層荷重の保持,"1. 物性: 締結面圧
2. 機能: 積層荷重の保持","{
  ""concerns"": [
    {
      ""concern_content"": ""締付部材の塑性変形（締付ボルトの塑性流動、接触点の座屈・転がり摩耗）"",
      ""location"": ""4. スタック構造・アセンブリ ＞ テンションボルト"",
      ""mechanism"": ""繰返し温度サイクルや経時クリープにより、締結ボルトやスタック端面周りの材料で応力が繰返し／持続して加わり、許容引張応力を超えることで塑性変形や座屈が生じる。これにより、面圧分布が不均一化し、ボトムアウトなど一部で荷重喪失を引き起こす。"",
      ""affected_parameters"": ""締結トルク値・積層面圧値の低下、ばね定数の減少"",
      ""affected_function"": ""積層荷重保持機能の劣化（リーク、セル抵抗増大）""
    },
    {
      ""concern_content"": ""接触界面のクリープ圧縮（シール材・GDLなどの長期クリープ）"",
      ""location"": ""2. 部材間界面 ＞ GDL / セパレータ 界面 ／ セパレータ / ガスケット 界面"",
      ""mechanism"": ""高温・荷重下で長期使用されることで、接触界面（GDLやガスケットなど樹脂・エラストマー系部材）がゆっくり圧縮流動し、面圧が経時的に低下する。繰返し締付やスタック荷重により、接触部の圧密沈下・空隙拡大が起こる。"",
      ""affected_parameters"": ""界面面圧・密着率の低下"",
      ""affected_function"": ""積層荷重保持・ガスシール機能の低下／セル間リーク""
    },
    {
      ""concern_content"": ""リブ下・流路周辺の接触点局所的荷重逸失（アンダーコンプレッションによる隙間形成）"",
      ""location"": ""2. 部材間界面 ＞ GDL / セパレータ 界面 ＞ リブ下領域"",
      ""mechanism"": ""流路設計や締結荷重が不均一な場合、GDLやセパレータリブ下部で局所的に荷重が逃げ、微細なギャップ形成や接触不良が発生する。ガス流動・熱サイクルによる微動摩耗も加わり、隙間が拡大化する。"",
      ""affected_parameters"": ""リブ下の局所面圧・ギャップ厚さ増大"",
      ""affected_function"": ""積層荷重保持不良→局所リーク・電流分布偏り""
    }
  ]
}"
締結面圧,膜の膨潤圧制御,"1. 物性: 締結面圧
2. 機能: 膜の膨潤圧制御","{
  ""concerns"": [
    {
      ""concern_content"": ""締結面圧の低下による界面の密着不良・ミクロギャップの発生"",
      ""location"": ""2. 部材間界面 ＞ 電解質膜 / 触媒層 界面"",
      ""mechanism"": ""締結面圧が設計値を下回ることで、電解質膜と触媒層の界面にミクロレベルのギャップや浮き上がりが生じる。応力不足により界面密着性が損なわれ、場所によって膜膨潤時に隙間が拡大しやすくなる。このミクロギャップは膜膨潤圧を受け止めきれず、膜の自立維持が困難となる。"",
      ""affected_parameters"": ""界面ギャップ幅（増大）、密着面積（減少）"",
      ""affected_function"": ""膜の膨潤圧による構造安定性""
    },
    {
      ""concern_content"": ""締結面圧の過大による触媒層・膜の塑性変形、膜厚ムラの発生"",
      ""location"": ""1. セル内部・微細構造層 ＞ 電解質膜（高分子骨格）"",
      ""mechanism"": ""締結面圧過大により発生応力が高分子膜や触媒層の降伏応力を超えると、局所で塑性変形または圧縮流動を生じる。これに伴い膜厚の局所的な薄膜化や触媒層との一体化不良、内部応力集中部位が発生する。"",
      ""affected_parameters"": ""膜厚（局所的減少）、表面平坦度（低下）"",
      ""affected_function"": ""膜膨潤時の均一圧制御""
    },
    {
      ""concern_content"": ""締結面圧バラつきによる膨潤モルフォロジーの不均一化"",
      ""location"": ""1. MEA ＞ 膜"",
      ""mechanism"": ""締結面圧の分布ムラが存在すると、膜膨潤時に圧力の低い領域で過度な膨潤、圧力の高い領域では膨潤阻害が発生。これにより、膜厚・膨潤状態・水分分布の不均一化が進行し、局所的な構造不良（ボイド、収縮ひずみ）が誘発される。"",
      ""affected_parameters"": ""膨潤率（局所異常増大・減少）、膜内水分分布（ムラ）"",
      ""affected_function"": ""膜膨潤圧の均一制御・水分保持""
    },
    {
      ""concern_content"": ""締結圧管理不良による膜・触媒層間の剥離"",
      ""location"": ""2. 部材間界面 ＞ 電解質膜 / 触媒層 界面"",
      ""mechanism"": ""締結圧の適正管理がされない場合、繰返しの起動停止や温度サイクルで、膨潤・収縮による機械応力累積が界面接着強度を超え、界面剥離が発生する。剥離部位は膨潤圧を効果的に支持できず、膜が膨張・破断しやすくなる。"",
      ""affected_parameters"": ""界面接着強度（低下）、剥離長さ（増大）"",
      ""affected_function"": ""膨潤圧支持・応力伝達""
    }
  ]
}"
締結面圧,部材間クリアランス維持,"1. 物性: 締結面圧
2. 機能: 部材間クリアランス維持","{
  ""concerns"": [
    {
      ""concern_content"": ""締結ボルトの塑性変形または緩み（残留締結荷重の低下）"",
      ""location"": ""4. スタック構造・アセンブリ ＞ テンションボルト"",
      ""mechanism"": ""高温や温度サイクル（起動・停止繰返し）下で締結ボルトの繰返し応力によるクリープやリラックス、振動負荷によるネジの微小緩みが生じ、初期の締結荷重が低下。これにより部材間に所定以上の隙間が発生。"",
      ""affected_parameters"": ""残留締結荷重（締結面圧）が減少、ボルト伸び量変化"",
      ""affected_function"": ""スタック全体の部材間クリアランス維持不良""
    },
    {
      ""concern_content"": ""ガスケット部の圧縮永久歪み（厚み低下・弾性回復力低下）"",
      ""location"": ""3. セル構成部材 ＞ ガスケット・シール材 リップ部"",
      ""mechanism"": ""締結による持続的な圧力と高温／ガス暴露環境で、ガスケット素材が圧縮永久歪みを起こし厚みと弾性力が低下。これによってシール部位の厚みが減少し、必要なクリアランスが維持できなくなる。"",
      ""affected_parameters"": ""ガスケット厚み減少、弾性回復力低下"",
      ""affected_function"": ""セル部材間の気密保持・クリアランス維持""
    },
    {
      ""concern_content"": ""セパレータ/ガスケット界面の部分的な浮き・剥離"",
      ""location"": ""2. 部材間界面 ＞ セパレータ / ガスケット 界面"",
      ""mechanism"": ""締結面圧の不均一分布や材料硬化(経年劣化)によって、界面接着力が局所的に低下し、セパレータとガスケットの間にミクロンオーダーの浮きや隙間が生じる。これにより部材クリアランスが設計値から外れてしまう。"",
      ""affected_parameters"": ""局所界面間隙（ギャップ）が増加"",
      ""affected_function"": ""部材間の平坦性・クリアランス維持機能""
    }
  ]
}"